<?xml version="1.0" encoding="UTF-8"?> 
<project>                                  
  <executable name="OledDisplay.elf">                 
    <memory name="program">              
      <units>bytes</units>                 
      <length>262144</length>                 
      <used>2105</used>                     
      <free>260039</free>                     
    </memory>                              
    <memory name="data">                 
      <units>bytes</units>                 
      <length>8192</length>                 
      <used>1</used>                     
      <free>8191</free>                     
    </memory>                              
  </executable>                            
</project>                                 
